start,end,length,type,station,reverse,edgeVote
282,113,81,9,,357,
113,211,42,9,,358,
211,209,42,9,,359,
209,151,70,9,,360,
151,302,47,9,,361,
302,168,50,9,,362,
168,321,98,9,,363,
321,366,61,9,,364,
366,147,63,9,,365,
147,3,61,9,,366,
3,120,83,9,,367,
120,342,55,9,,368,
342,214,57,9,,369,
214,326,65,9,,370,
326,143,62,9,,371,
143,74,55,9,,372,
74,317,51,9,,373,
317,140,52,9,,374,
140,37,49,9,,375,
37,358,60,9,,376,
358,311,87,9,,377,
311,231,75,9,,378,
231,325,68,9,,379,
325,379,64,9,,380,
379,62,53,9,,381,
62,322,61,9,,382,
322,226,69,9,,383,
226,47,65,9,,32,
47,201,52,9,,31,
201,280,65,9,,30,
280,201,61,9,,29,
201,47,41,9,,28,
47,226,68,9,,27,
224,14,95,2,,384,
14,2,55,2,,385,
2,250,52,2,,386,
250,246,63,2,,387,
246,207,60,2,,388,
207,90,56,2,,389,
90,23,55,2,,390,
23,79,64,2,,391,
79,152,60,2,,392,
152,353,60,2,,393,
353,161,52,2,,394,
161,16,80,2,,395,
16,5,56,2,,396,
5,253,53,2,,397,
253,31,54,2,,398,
31,255,52,2,,399,
255,320,58,2,,400,
320,376,73,2,,401,
376,216,62,2,,402,
216,89,38,2,,403,
89,362,59,2,,404,
362,59,47,2,,405,
59,372,100,2,,406,
372,270,89,2,,407,
248,273,64,3,,58,
273,248,64,3,,57,
248,380,47,3,,408,
380,200,46,3,,409,
200,377,78,3,,410,
377,112,75,3,,411,
112,334,70,3,,412,
334,142,51,3,,413,
142,235,48,3,,414,
235,300,51,3,,415,
300,43,47,3,,416,
43,347,51,3,,417,
347,305,52,3,,418,
305,7,47,3,,419,
7,361,59,3,,420,
361,308,47,3,,421,
308,241,72,3,,422,
241,324,49,3,,423,
324,247,65,3,,424,
247,124,79,3,,425,
124,272,79,3,,78,
272,124,109,3,,77,
125,245,56,3bis,,426,
245,329,56,3bis,,427,
329,287,65,3bis,,428,
288,360,72,11,,429,
360,258,55,11,,430,
258,156,39,11,,97,
156,297,48,11,,96,
297,24,69,11,,95,
24,138,54,11,,94,
138,312,43,11,,93,
312,8,72,11,,92,
8,301,54,11,,91,
301,8,60,11,,90,
8,312,71,11,,89,
312,138,40,11,,88,
138,24,57,11,,87,
24,297,66,11,,86,
297,156,43,11,,85,
156,258,37,11,,84,
257,294,142,7bis,,,
294,96,57,7bis,,431,
96,38,63,7bis,,,
38,46,55,7bis,,433,
46,35,66,7bis,,434,
35,154,43,7bis,,435,
153,171,56,5,,436,
238,281,60,5,,106,
281,238,64,5,,105,
238,171,52,5,,437,
153,354,48,5,,438,
354,134,109,5,,439,
134,129,109,5,,440,
129,150,74,5,,441,
150,309,76,5,,442,
309,230,66,5,,443,
230,315,60,5,,444,
315,44,53,5,,445,
44,20,50,5,,446,
20,299,84,5,,447,
299,126,86,5,,448,
126,339,86,5,,449,
339,50,50,5,,450,
50,259,90,5,,451,
260,227,48,6,,323,
227,76,47,6,,322,
76,298,42,6,,321,
298,26,73,6,,320,
26,101,59,6,,319,
101,97,50,6,,318,
98,208,65,8,,133,
208,291,66,8,,132,
291,274,64,8,,131,
274,291,62,8,,130,
291,208,71,8,,129,
208,98,54,8,,128,
98,217,59,8,,452,
217,314,66,8,,453,
314,114,60,8,,454,
114,174,67,8,,455,
174,21,59,8,,456,
21,75,47,8,,457,
75,344,55,8,,458,
344,117,46,8,,459,
117,310,67,8,,460,
310,357,106,8,,461,
357,36,46,8,,462,
36,139,49,8,,463,
139,316,56,8,,464,
316,237,80,8,,465,
237,186,52,8,,466,
186,82,62,8,,467,
82,148,89,8,,468,
148,169,64,8,,469,
169,105,53,8,,470,
105,166,100,8,,471,
166,80,82,8,,472,
80,116,47,8,,473,
116,39,50,8,,474,
39,183,48,8,,475,
183,15,64,8,,476,
155,108,89,10,,,
108,210,73,10,,,
210,271,98,10,,,
271,40,168,10,,477,
40,212,169,10,,,
212,56,64,10,,,
56,213,60,10,,,
213,155,80,10,,478,
155,61,79,10,,479,
61,13,71,10,,480,
13,167,74,10,,481,
167,346,85,10,,482,
346,103,91,10,,483,
103,368,71,10,,484,
368,348,59,10,,485,
348,185,84,10,,486,
185,233,69,10,,487,
233,78,38,10,,488,
78,206,46,10,,489,
206,51,78,10,,490,
51,159,58,10,,491,
158,262,52,7,,197,
262,53,63,7,,196,
53,175,63,7,,195,
175,261,63,7,,194,
261,363,59,7,,193,
363,195,60,7,,192,
195,289,60,7,,191,
289,275,52,7,,190,
275,290,54,7,,189,
290,275,57,7,,188,
275,289,47,7,,187,
289,195,60,7,,186,
195,363,56,7,,185,
363,261,65,7,,184,
261,175,53,7,,183,
175,53,64,7,,182,
53,262,45,7,,181,
262,158,60,7,,180,
158,359,88,7,,492,
359,268,55,7,,493,
268,69,72,7,,494,
69,269,59,7,,495,
269,240,87,7,,496,
240,295,55,7,,497,
295,236,69,7,,498,
236,73,59,7,,499,
73,173,50,7,,227,
173,48,50,7,,226,
48,264,42,7,,225,
264,130,87,7,,224,
130,66,51,7,,223,
66,180,55,7,,222,
180,355,62,7,,221,
355,318,57,7,,220,
318,94,51,7,,219,
94,85,57,7,,218,
85,279,43,7,,217,
279,85,59,7,,216,
85,94,52,7,,215,
94,318,49,7,,214,
318,355,54,7,,213,
355,180,62,7,,212,
180,66,70,7,,211,
66,130,55,7,,210,
130,264,93,7,,209,
264,48,43,7,,208,
48,173,52,7,,207,
173,73,56,7,,206,
335,364,50,12,,500,
364,228,46,12,,501,
228,331,67,12,,502,
331,254,66,12,,503,
254,0,44,12,,504,
0,170,63,12,,505,
170,157,78,12,,506,
157,203,55,12,,507,
203,205,82,12,,239,
205,278,90,12,,238,
278,205,82,12,,237,
205,203,75,12,,236,
202,351,43,4,,243,
351,277,58,4,,242,
277,351,47,4,,241,
351,202,41,4,,240,
202,65,40,4,,508,
65,17,44,4,,509,
17,133,75,4,,510,
133,128,61,4,,511,
128,64,40,4,,512,
64,356,43,4,,513,
356,306,32,4,,514,
306,111,49,4,,515,
111,176,46,4,,516,
176,68,45,4,,517,
68,77,55,4,,518,
77,340,43,4,,519,
340,232,43,4,,520,
232,332,43,4,,521,
332,345,46,4,,522,
345,343,48,4,,523,
343,218,62,4,,524,
218,371,40,4,,272,
371,303,55,4,,271,
303,99,56,4,,270,
99,222,36,4,,269,
222,1,45,4,,268,
1,292,61,4,,267,
292,1,58,4,,266,
1,222,34,4,,265,
222,99,34,4,,264,
99,303,51,4,,263,
303,371,50,4,,262,
371,218,36,4,,261,
221,122,59,13,,280,
122,249,70,13,,279,
249,263,52,13,,278,
263,284,69,13,,277,
284,263,66,13,,276,
263,249,53,13,,275,
249,122,68,13,,274,
122,221,69,13,,273,
221,104,69,13,,525,
104,330,48,13,,526,
330,369,52,13,,527,
369,149,57,13,,528,
149,55,82,13,,529,
55,215,74,13,,530,
215,336,98,13,,531,
336,179,65,13,,532,
179,256,64,13,,533,
256,164,43,13,,534,
164,141,87,13,,294,
141,283,60,13,,293,
283,141,61,13,,292,
141,164,71,13,,291,
164,45,93,13,,535,
45,276,76,13,,536,
293,6,63,1,,537,
6,58,60,1,,538,
58,136,57,1,,539,
136,119,58,1,,540,
119,54,60,1,,541,
54,81,76,1,,542,
81,367,53,1,,543,
367,239,61,1,,544,
239,184,50,1,,545,
184,67,51,1,,546,
67,145,62,1,,547,
145,341,55,1,,548,
341,19,95,1,,549,
19,131,97,1,,550,
131,313,87,1,,551,
313,223,83,1,,552,
223,286,72,1,,314,
286,223,68,1,,313,
225,251,96,6,,553,
251,22,55,6,,554,
22,97,54,6,,555,
97,101,45,6,,127,
101,26,56,6,,126,
26,298,67,6,,125,
298,76,42,6,,124,
76,227,44,6,,123,
227,260,46,6,,122,
260,87,64,6,,556,
87,137,57,6,,557,
137,333,48,6,,558,
333,100,44,6,,559,
100,304,47,6,,560,
304,107,54,6,,561,
107,219,46,6,,562,
219,243,64,6,,563,
243,350,52,6,,564,
350,49,50,6,,565,
49,165,37,6,,566,
165,102,44,6,,567,
102,30,54,6,,568,
30,242,49,6,,569,
242,365,68,6,,570,
365,34,46,6,,571,
34,160,43,6,,572,
160,60,91,6,,573,
132,27,55,14,,574,
27,88,69,14,,575,
88,28,64,14,,576,
11,352,44,12,,577,
352,323,55,12,,578,
323,349,46,12,,579,
349,307,49,12,,580,
307,229,51,12,,581,
229,220,70,12,,582,
220,115,56,12,,583,
115,244,61,12,,584,
244,378,47,12,,585,
378,370,62,12,,586,
370,84,55,12,,587,
84,285,86,12,,588,
113,282,81,9,,0,
211,113,42,9,,1,
209,211,42,9,,2,
151,209,70,9,,3,
302,151,47,9,,4,
168,302,50,9,,5,
321,168,98,9,,6,
366,321,61,9,,7,
147,366,63,9,,8,
3,147,61,9,,9,
120,3,83,9,,10,
342,120,55,9,,11,
214,342,57,9,,12,
326,214,65,9,,13,
143,326,62,9,,14,
74,143,55,9,,15,
317,74,51,9,,16,
140,317,52,9,,17,
37,140,49,9,,18,
358,37,60,9,,19,
311,358,87,9,,20,
231,311,75,9,,21,
325,231,68,9,,22,
379,325,64,9,,23,
62,379,53,9,,24,
322,62,61,9,,25,
226,322,69,9,,26,
14,224,95,2,,33,
2,14,55,2,,34,
250,2,52,2,,35,
246,250,63,2,,36,
207,246,60,2,,37,
90,207,56,2,,38,
23,90,55,2,,39,
79,23,64,2,,40,
152,79,60,2,,41,
353,152,60,2,,42,
161,353,52,2,,43,
16,161,80,2,,44,
5,16,56,2,,45,
253,5,53,2,,46,
31,253,54,2,,47,
255,31,52,2,,48,
320,255,58,2,,49,
376,320,73,2,,50,
216,376,62,2,,51,
89,216,38,2,,52,
362,89,59,2,,53,
59,362,47,2,,54,
372,59,100,2,,55,
270,372,89,2,,56,
380,248,47,3,,59,
200,380,46,3,,60,
377,200,78,3,,61,
112,377,75,3,,62,
334,112,70,3,,63,
142,334,51,3,,64,
235,142,48,3,,65,
300,235,51,3,,66,
43,300,47,3,,67,
347,43,51,3,,68,
305,347,52,3,,69,
7,305,47,3,,70,
361,7,59,3,,71,
308,361,47,3,,72,
241,308,72,3,,73,
324,241,49,3,,74,
247,324,65,3,,75,
124,247,79,3,,76,
245,125,56,3bis,,79,
329,245,56,3bis,,80,
287,329,65,3bis,,81,
360,288,72,11,,82,
258,360,55,11,,83,
96,294,63,7bis,,99,
38,258,59,7bis,,,
46,38,55,7bis,,101,
35,46,66,7bis,,102,
154,35,43,7bis,,103,
171,153,56,5,,104,
171,238,52,5,,107,
354,153,48,5,,108,
134,354,109,5,,109,
129,134,109,5,,110,
150,129,74,5,,111,
309,150,76,5,,112,
230,309,66,5,,113,
315,230,60,5,,114,
44,315,53,5,,115,
20,44,50,5,,116,
299,20,84,5,,117,
126,299,86,5,,118,
339,126,86,5,,119,
50,339,50,5,,120,
259,50,90,5,,121,
217,98,59,8,,134,
314,217,66,8,,135,
114,314,60,8,,136,
174,114,67,8,,137,
21,174,59,8,,138,
75,21,47,8,,139,
344,75,55,8,,140,
117,344,46,8,,141,
310,117,67,8,,142,
357,310,106,8,,143,
36,357,46,8,,144,
139,36,49,8,,145,
316,139,56,8,,146,
237,316,80,8,,147,
186,237,52,8,,148,
82,186,62,8,,149,
148,82,89,8,,150,
169,148,64,8,,151,
105,169,53,8,,152,
166,105,100,8,,153,
80,166,82,8,,154,
116,80,47,8,,155,
39,116,50,8,,156,
183,39,48,8,,157,
15,183,64,8,,158,
40,271,168,10,,162,
155,213,80,10,,166,
61,155,79,10,,167,
13,61,71,10,,168,
167,13,74,10,,169,
346,167,85,10,,170,
103,346,91,10,,171,
368,103,71,10,,172,
348,368,59,10,,173,
185,348,84,10,,174,
233,185,69,10,,175,
78,233,38,10,,176,
206,78,46,10,,177,
51,206,78,10,,178,
159,51,58,10,,179,
359,158,88,7,,198,
268,359,55,7,,199,
69,268,72,7,,200,
269,69,59,7,,201,
240,269,87,7,,202,
295,240,55,7,,203,
236,295,69,7,,204,
73,236,59,7,,205,
364,335,50,12,,228,
228,364,46,12,,229,
331,228,67,12,,230,
254,331,66,12,,231,
0,254,44,12,,232,
170,0,63,12,,233,
157,170,78,12,,234,
203,157,55,12,,235,
65,202,40,4,,244,
17,65,44,4,,245,
133,17,75,4,,246,
128,133,61,4,,247,
64,128,40,4,,248,
356,64,43,4,,249,
306,356,32,4,,250,
111,306,49,4,,251,
176,111,46,4,,252,
68,176,45,4,,253,
77,68,55,4,,254,
340,77,43,4,,255,
232,340,43,4,,256,
332,232,43,4,,257,
345,332,46,4,,258,
343,345,48,4,,259,
218,343,62,4,,260,
104,221,69,13,,281,
330,104,48,13,,282,
369,330,52,13,,283,
149,369,57,13,,284,
55,149,82,13,,285,
215,55,74,13,,286,
336,215,98,13,,287,
179,336,65,13,,288,
256,179,64,13,,289,
164,256,43,13,,290,
45,164,93,13,,295,
276,45,76,13,,296,
6,293,63,1,,297,
58,6,60,1,,298,
136,58,57,1,,299,
119,136,58,1,,300,
54,119,60,1,,301,
81,54,76,1,,302,
367,81,53,1,,303,
239,367,61,1,,304,
184,239,50,1,,305,
67,184,51,1,,306,
145,67,62,1,,307,
341,145,55,1,,308,
19,341,95,1,,309,
131,19,97,1,,310,
313,131,87,1,,311,
223,313,83,1,,312,
251,225,96,6,,315,
22,251,55,6,,316,
97,22,54,6,,317,
87,260,64,6,,324,
137,87,57,6,,325,
333,137,48,6,,326,
100,333,44,6,,327,
304,100,47,6,,328,
107,304,54,6,,329,
219,107,46,6,,330,
243,219,64,6,,331,
350,243,52,6,,332,
49,350,50,6,,333,
165,49,37,6,,334,
102,165,44,6,,335,
30,102,54,6,,336,
242,30,49,6,,337,
365,242,68,6,,338,
34,365,46,6,,339,
160,34,43,6,,340,
60,160,91,6,,341,
27,132,55,14,,342,
88,27,69,14,,343,
28,88,64,14,,344,
352,11,44,12,,345,
323,352,55,12,,346,
349,323,46,12,,347,
307,349,49,12,,348,
229,307,51,12,,349,
220,229,70,12,,350,
115,220,56,12,,351,
244,115,61,12,,352,
378,244,47,12,,353,
370,378,62,12,,354,
84,370,55,12,,355,
285,84,86,12,,356,
7,8,300,correspondance,7,,589
8,7,300,correspondance,7,,589
16,17,300,correspondance,15,,591
17,16,300,correspondance,15,,591
19,20,300,correspondance,17,,593
19,21,300,correspondance,17,,594
20,21,300,correspondance,17,,595
20,19,300,correspondance,17,,593
21,19,300,correspondance,17,,594
21,20,300,correspondance,17,,595
23,24,300,correspondance,19,,599
24,23,300,correspondance,19,,599
26,27,300,correspondance,21,,601
27,26,300,correspondance,21,,601
36,37,300,correspondance,30,,603
37,36,300,correspondance,30,,603
41,42,300,correspondance,34,,605
42,41,300,correspondance,34,,605
54,55,300,correspondance,46,,607
55,54,300,correspondance,46,,607
58,59,300,correspondance,49,,609
58,60,300,correspondance,49,,610
59,58,300,correspondance,49,,609
59,60,300,correspondance,49,,612
60,58,300,correspondance,49,,610
60,59,300,correspondance,49,,612
67,68,300,correspondance,56,,615
67,69,300,correspondance,56,,616
67,70,300,correspondance,56,,617
67,71,300,correspondance,56,,618
68,67,300,correspondance,56,,615
68,69,300,correspondance,56,,620
68,70,300,correspondance,56,,621
68,71,300,correspondance,56,,622
69,67,300,correspondance,56,,616
69,68,300,correspondance,56,,620
69,70,300,correspondance,56,,625
69,71,300,correspondance,56,,626
70,67,300,correspondance,56,,617
70,68,300,correspondance,56,,621
70,69,300,correspondance,56,,625
70,71,300,correspondance,56,,630
71,67,300,correspondance,56,,618
71,68,300,correspondance,56,,622
71,69,300,correspondance,56,,626
71,70,300,correspondance,56,,630
73,74,300,correspondance,58,,635
74,73,300,correspondance,58,,635
81,82,300,correspondance,65,,637
81,83,300,correspondance,65,,638
82,81,300,correspondance,65,,637
82,83,300,correspondance,65,,640
83,81,300,correspondance,65,,638
83,82,300,correspondance,65,,640
97,98,300,correspondance,79,,643
98,97,300,correspondance,79,,643
99,100,300,correspondance,80,,645
100,99,300,correspondance,80,,645
103,104,300,correspondance,83,,647
104,103,300,correspondance,83,,647
119,120,300,correspondance,98,,649
120,119,300,correspondance,98,,649
124,125,300,correspondance,102,,651
125,124,300,correspondance,102,,651
126,127,300,correspondance,103,,653
127,126,300,correspondance,103,,653
128,129,300,correspondance,104,,655
128,130,300,correspondance,104,,656
129,128,300,correspondance,104,,655
129,130,300,correspondance,104,,658
130,129,300,correspondance,104,,658
130,128,300,correspondance,104,,656
131,132,300,correspondance,105,,661
132,131,300,correspondance,105,,661
133,134,300,correspondance,106,,663
134,133,300,correspondance,106,,663
139,140,300,correspondance,111,,665
140,139,300,correspondance,111,,665
142,143,300,correspondance,113,,667
143,142,300,correspondance,113,,667
145,146,300,correspondance,115,,669
146,145,300,correspondance,115,,669
148,149,300,correspondance,117,,671
149,148,300,correspondance,117,,671
152,153,300,correspondance,120,,673
152,154,300,correspondance,120,,674
153,152,300,correspondance,120,,673
153,154,300,correspondance,120,,676
154,152,300,correspondance,120,,674
154,153,300,correspondance,120,,676
158,159,300,correspondance,124,,679
159,158,300,correspondance,124,,679
165,166,300,correspondance,130,,681
165,167,300,correspondance,130,,682
166,165,300,correspondance,130,,681
166,167,300,correspondance,130,,684
167,165,300,correspondance,130,,682
167,166,300,correspondance,130,,684
180,181,300,correspondance,143,,687
181,180,300,correspondance,143,,687
186,187,300,correspondance,148,,689
186,188,300,correspondance,148,,690
187,186,300,correspondance,148,,689
187,188,300,correspondance,148,,692
188,186,300,correspondance,148,,690
188,187,300,correspondance,148,,692
202,203,300,correspondance,162,,695
203,202,300,correspondance,162,,695
209,210,300,correspondance,168,,697
210,209,300,correspondance,168,,697
211,212,300,correspondance,169,,699
212,211,300,correspondance,169,,699
214,215,300,correspondance,171,,701
215,214,300,correspondance,171,,701
218,219,300,correspondance,174,,703
218,220,300,correspondance,174,,704
218,221,300,correspondance,174,,705
219,218,300,correspondance,174,,703
219,220,300,correspondance,174,,707
219,221,300,correspondance,174,,708
220,219,300,correspondance,174,,707
220,218,300,correspondance,174,,704
220,221,300,correspondance,174,,711
221,218,300,correspondance,174,,705
221,219,300,correspondance,174,,708
221,220,300,correspondance,174,,711
223,224,300,correspondance,176,,715
223,225,300,correspondance,176,,716
223,226,300,correspondance,176,,717
224,223,300,correspondance,176,,715
224,225,300,correspondance,176,,719
224,226,300,correspondance,176,,720
225,223,300,correspondance,176,,716
225,224,300,correspondance,176,,719
225,226,300,correspondance,176,,723
226,223,300,correspondance,176,,717
226,224,300,correspondance,176,,720
226,225,300,correspondance,176,,723
230,231,300,correspondance,180,,727
231,230,300,correspondance,180,,727
232,233,300,correspondance,181,,729
233,232,300,correspondance,181,,729
235,236,300,correspondance,183,,731
235,237,300,correspondance,183,,732
236,235,300,correspondance,183,,731
236,237,300,correspondance,183,,734
237,235,300,correspondance,183,,732
237,236,300,correspondance,183,,734
239,240,300,correspondance,185,,737
240,239,300,correspondance,185,,737
243,244,300,correspondance,188,,739
244,243,300,correspondance,188,,739
246,247,300,correspondance,190,,741
247,246,300,correspondance,190,,741
253,254,300,correspondance,196,,743
254,253,300,correspondance,196,,743
255,256,300,correspondance,197,,745
256,255,300,correspondance,197,,745
257,258,300,correspondance,198,,747
258,257,300,correspondance,198,,747
259,260,300,correspondance,199,,749
259,261,300,correspondance,199,,750
260,259,300,correspondance,199,,749
260,261,300,correspondance,199,,752
261,259,300,correspondance,199,,750
261,260,300,correspondance,199,,752
287,288,300,correspondance,225,,755
288,287,300,correspondance,225,,755
295,296,300,correspondance,232,,757
296,295,300,correspondance,232,,757
303,304,300,correspondance,239,,759
304,303,300,correspondance,239,,759
305,306,300,correspondance,240,,761
306,305,300,correspondance,240,,761
308,309,300,correspondance,242,,763
308,310,300,correspondance,242,,764
308,311,300,correspondance,242,,765
308,312,300,correspondance,242,,766
309,308,300,correspondance,242,,763
309,310,300,correspondance,242,,768
309,311,300,correspondance,242,,769
309,312,300,correspondance,242,,770
310,308,300,correspondance,242,,764
310,309,300,correspondance,242,,768
310,311,300,correspondance,242,,773
310,312,300,correspondance,242,,774
311,308,300,correspondance,242,,765
311,309,300,correspondance,242,,769
311,310,300,correspondance,242,,773
311,312,300,correspondance,242,,778
313,314,300,correspondance,243,,779
314,313,300,correspondance,243,,779
316,317,300,correspondance,245,,781
317,316,300,correspondance,245,,781
334,335,300,correspondance,262,,783
334,336,300,correspondance,262,,784
334,337,300,correspondance,262,,785
335,334,300,correspondance,262,,783
335,336,300,correspondance,262,,787
335,337,300,correspondance,262,,788
336,334,300,correspondance,262,,784
336,335,300,correspondance,262,,787
336,337,300,correspondance,262,,791
337,334,300,correspondance,262,,785
337,335,300,correspondance,262,,788
337,336,300,correspondance,262,,791
348,349,300,correspondance,273,,795
349,348,300,correspondance,273,,795
353,354,300,correspondance,277,,797
353,355,300,correspondance,277,,798
354,353,300,correspondance,277,,797
354,355,300,correspondance,277,,800
355,353,300,correspondance,277,,798
355,354,300,correspondance,277,,800
356,357,300,correspondance,278,,803
356,358,300,correspondance,278,,804
357,356,300,correspondance,278,,803
357,358,300,correspondance,278,,806
358,356,300,correspondance,278,,804
358,357,300,correspondance,278,,806
365,366,300,correspondance,285,,809
366,365,300,correspondance,285,,809
376,377,300,correspondance,295,,811
377,376,300,correspondance,295,,811
0,381,60,exit,0,,1194
1,382,60,exit,1,,1195
2,383,60,exit,2,,1196
3,384,60,exit,3,,1197
4,385,60,exit,4,,1198
5,386,60,exit,5,,1199
6,387,60,exit,6,,1200
7,388,60,exit,7,,1201
8,388,60,exit,7,,1202
9,389,60,exit,8,,1203
10,390,60,exit,9,,1204
11,391,60,exit,10,,1205
12,392,60,exit,11,,1206
13,393,60,exit,12,,1207
14,394,60,exit,13,,1208
15,395,60,exit,14,,1209
16,396,60,exit,15,,1210
17,396,60,exit,15,,1211
18,397,60,exit,16,,1212
19,398,60,exit,17,,1213
20,398,60,exit,17,,1214
21,398,60,exit,17,,1215
22,399,60,exit,18,,1216
23,400,60,exit,19,,1217
24,400,60,exit,19,,1218
25,401,60,exit,20,,1219
26,402,60,exit,21,,1220
27,402,60,exit,21,,1221
28,403,60,exit,22,,1222
29,404,60,exit,23,,1223
30,405,60,exit,24,,1224
31,406,60,exit,25,,1225
32,407,60,exit,26,,1226
33,408,60,exit,27,,1227
34,409,60,exit,28,,1228
35,410,60,exit,29,,1229
36,411,60,exit,30,,1230
37,411,60,exit,30,,1231
38,412,60,exit,31,,1232
39,413,60,exit,32,,1233
40,414,60,exit,33,,1234
41,415,60,exit,34,,1235
42,415,60,exit,34,,1236
43,416,60,exit,35,,1237
44,417,60,exit,36,,1238
45,418,60,exit,37,,1239
46,419,60,exit,38,,1240
47,420,60,exit,39,,1241
48,421,60,exit,40,,1242
49,422,60,exit,41,,1243
50,423,60,exit,42,,1244
51,424,60,exit,43,,1245
52,425,60,exit,44,,1246
53,426,60,exit,45,,1247
54,427,60,exit,46,,1248
55,427,60,exit,46,,1249
56,428,60,exit,47,,1250
57,429,60,exit,48,,1251
58,430,60,exit,49,,1252
59,430,60,exit,49,,1253
60,430,60,exit,49,,1254
61,431,60,exit,50,,1255
62,432,60,exit,51,,1256
63,433,60,exit,52,,1257
64,434,60,exit,53,,1258
65,435,60,exit,54,,1259
66,436,60,exit,55,,1260
67,437,60,exit,56,,1261
68,437,60,exit,56,,1262
69,437,60,exit,56,,1263
70,437,60,exit,56,,1264
71,437,60,exit,56,,1265
72,438,60,exit,57,,1266
73,439,60,exit,58,,1267
74,439,60,exit,58,,1268
75,440,60,exit,59,,1269
76,441,60,exit,60,,1270
77,442,60,exit,61,,1271
78,443,60,exit,62,,1272
79,444,60,exit,63,,1273
80,445,60,exit,64,,1274
81,446,60,exit,65,,1275
82,446,60,exit,65,,1276
83,446,60,exit,65,,1277
84,447,60,exit,66,,1278
85,448,60,exit,67,,1279
86,449,60,exit,68,,1280
87,450,60,exit,69,,1281
88,451,60,exit,70,,1282
89,452,60,exit,71,,1283
90,453,60,exit,72,,1284
91,454,60,exit,73,,1285
92,455,60,exit,74,,1286
93,456,60,exit,75,,1287
94,457,60,exit,76,,1288
95,458,60,exit,77,,1289
96,459,60,exit,78,,1290
97,460,60,exit,79,,1291
98,460,60,exit,79,,1292
99,461,60,exit,80,,1293
100,461,60,exit,80,,1294
101,462,60,exit,81,,1295
102,463,60,exit,82,,1296
103,464,60,exit,83,,1297
104,464,60,exit,83,,1298
105,465,60,exit,84,,1299
106,466,60,exit,85,,1300
107,467,60,exit,86,,1301
108,468,60,exit,87,,1302
109,469,60,exit,88,,1303
110,470,60,exit,89,,1304
111,471,60,exit,90,,1305
112,472,60,exit,91,,1306
113,473,60,exit,92,,1307
114,474,60,exit,93,,1308
115,475,60,exit,94,,1309
116,476,60,exit,95,,1310
117,477,60,exit,96,,1311
118,478,60,exit,97,,1312
119,479,60,exit,98,,1313
120,479,60,exit,98,,1314
121,480,60,exit,99,,1315
122,481,60,exit,100,,1316
123,482,60,exit,101,,1317
124,483,60,exit,102,,1318
125,483,60,exit,102,,1319
126,484,60,exit,103,,1320
127,484,60,exit,103,,1321
128,485,60,exit,104,,1322
129,485,60,exit,104,,1323
130,485,60,exit,104,,1324
131,486,60,exit,105,,1325
132,486,60,exit,105,,1326
133,487,60,exit,106,,1327
134,487,60,exit,106,,1328
135,488,60,exit,107,,1329
136,489,60,exit,108,,1330
137,490,60,exit,109,,1331
138,491,60,exit,110,,1332
139,492,60,exit,111,,1333
140,492,60,exit,111,,1334
141,493,60,exit,112,,1335
142,494,60,exit,113,,1336
143,494,60,exit,113,,1337
144,495,60,exit,114,,1338
145,496,60,exit,115,,1339
146,496,60,exit,115,,1340
147,497,60,exit,116,,1341
148,498,60,exit,117,,1342
149,498,60,exit,117,,1343
150,499,60,exit,118,,1344
151,500,60,exit,119,,1345
152,501,60,exit,120,,1346
153,501,60,exit,120,,1347
154,501,60,exit,120,,1348
155,502,60,exit,121,,1349
156,503,60,exit,122,,1350
157,504,60,exit,123,,1351
158,505,60,exit,124,,1352
159,505,60,exit,124,,1353
160,506,60,exit,125,,1354
161,507,60,exit,126,,1355
162,508,60,exit,127,,1356
163,509,60,exit,128,,1357
164,510,60,exit,129,,1358
165,511,60,exit,130,,1359
166,511,60,exit,130,,1360
167,511,60,exit,130,,1361
168,512,60,exit,131,,1362
169,513,60,exit,132,,1363
170,514,60,exit,133,,1364
171,515,60,exit,134,,1365
172,516,60,exit,135,,1366
173,517,60,exit,136,,1367
174,518,60,exit,137,,1368
175,519,60,exit,138,,1369
176,520,60,exit,139,,1370
177,521,60,exit,140,,1371
178,522,60,exit,141,,1372
179,523,60,exit,142,,1373
180,524,60,exit,143,,1374
181,524,60,exit,143,,1375
182,525,60,exit,144,,1376
183,526,60,exit,145,,1377
184,527,60,exit,146,,1378
185,528,60,exit,147,,1379
186,529,60,exit,148,,1380
187,529,60,exit,148,,1381
188,529,60,exit,148,,1382
189,530,60,exit,149,,1383
190,531,60,exit,150,,1384
191,532,60,exit,151,,1385
192,533,60,exit,152,,1386
193,534,60,exit,153,,1387
194,535,60,exit,154,,1388
195,536,60,exit,155,,1389
196,537,60,exit,156,,1390
197,538,60,exit,157,,1391
198,539,60,exit,158,,1392
199,540,60,exit,159,,1393
200,541,60,exit,160,,1394
201,542,60,exit,161,,1395
202,543,60,exit,162,,1396
203,543,60,exit,162,,1397
204,544,60,exit,163,,1398
205,545,60,exit,164,,1399
206,546,60,exit,165,,1400
207,547,60,exit,166,,1401
208,548,60,exit,167,,1402
209,549,60,exit,168,,1403
210,549,60,exit,168,,1404
211,550,60,exit,169,,1405
212,550,60,exit,169,,1406
213,551,60,exit,170,,1407
214,552,60,exit,171,,1408
215,552,60,exit,171,,1409
216,553,60,exit,172,,1410
217,554,60,exit,173,,1411
218,555,60,exit,174,,1412
219,555,60,exit,174,,1413
220,555,60,exit,174,,1414
221,555,60,exit,174,,1415
222,556,60,exit,175,,1416
223,557,60,exit,176,,1417
224,557,60,exit,176,,1418
225,557,60,exit,176,,1419
226,557,60,exit,176,,1420
227,558,60,exit,177,,1421
228,559,60,exit,178,,1422
229,560,60,exit,179,,1423
230,561,60,exit,180,,1424
231,561,60,exit,180,,1425
232,562,60,exit,181,,1426
233,562,60,exit,181,,1427
234,563,60,exit,182,,1428
235,564,60,exit,183,,1429
236,564,60,exit,183,,1430
237,564,60,exit,183,,1431
238,565,60,exit,184,,1432
239,566,60,exit,185,,1433
240,566,60,exit,185,,1434
241,567,60,exit,186,,1435
242,568,60,exit,187,,1436
243,569,60,exit,188,,1437
244,569,60,exit,188,,1438
245,570,60,exit,189,,1439
246,571,60,exit,190,,1440
247,571,60,exit,190,,1441
248,572,60,exit,191,,1442
249,573,60,exit,192,,1443
250,574,60,exit,193,,1444
251,575,60,exit,194,,1445
252,576,60,exit,195,,1446
253,577,60,exit,196,,1447
254,577,60,exit,196,,1448
255,578,60,exit,197,,1449
256,578,60,exit,197,,1450
257,579,60,exit,198,,1451
258,579,60,exit,198,,1452
259,580,60,exit,199,,1453
260,580,60,exit,199,,1454
261,580,60,exit,199,,1455
262,581,60,exit,200,,1456
263,582,60,exit,201,,1457
264,583,60,exit,202,,1458
265,584,60,exit,203,,1459
266,585,60,exit,204,,1460
267,586,60,exit,205,,1461
268,587,60,exit,206,,1462
269,588,60,exit,207,,1463
270,589,60,exit,208,,1464
271,590,60,exit,209,,1465
272,591,60,exit,210,,1466
273,592,60,exit,211,,1467
274,593,60,exit,212,,1468
275,594,60,exit,213,,1469
276,595,60,exit,214,,1470
277,596,60,exit,215,,1471
278,597,60,exit,216,,1472
279,598,60,exit,217,,1473
280,599,60,exit,218,,1474
281,600,60,exit,219,,1475
282,601,60,exit,220,,1476
283,602,60,exit,221,,1477
284,603,60,exit,222,,1478
285,604,60,exit,223,,1479
286,605,60,exit,224,,1480
287,606,60,exit,225,,1481
288,606,60,exit,225,,1482
289,607,60,exit,226,,1483
290,608,60,exit,227,,1484
291,609,60,exit,228,,1485
292,610,60,exit,229,,1486
293,611,60,exit,230,,1487
294,612,60,exit,231,,1488
295,613,60,exit,232,,1489
296,613,60,exit,232,,1490
297,614,60,exit,233,,1491
298,615,60,exit,234,,1492
299,616,60,exit,235,,1493
300,617,60,exit,236,,1494
301,618,60,exit,237,,1495
302,619,60,exit,238,,1496
303,620,60,exit,239,,1497
304,620,60,exit,239,,1498
305,621,60,exit,240,,1499
306,621,60,exit,240,,1500
307,622,60,exit,241,,1501
308,623,60,exit,242,,1502
309,623,60,exit,242,,1503
310,623,60,exit,242,,1504
311,623,60,exit,242,,1505
312,623,60,exit,242,,1506
313,624,60,exit,243,,1507
314,624,60,exit,243,,1508
315,625,60,exit,244,,1509
316,626,60,exit,245,,1510
317,626,60,exit,245,,1511
318,627,60,exit,246,,1512
319,628,60,exit,247,,1513
320,629,60,exit,248,,1514
321,630,60,exit,249,,1515
322,631,60,exit,250,,1516
323,632,60,exit,251,,1517
324,633,60,exit,252,,1518
325,634,60,exit,253,,1519
326,635,60,exit,254,,1520
327,636,60,exit,255,,1521
328,637,60,exit,256,,1522
329,638,60,exit,257,,1523
330,639,60,exit,258,,1524
331,640,60,exit,259,,1525
332,641,60,exit,260,,1526
333,642,60,exit,261,,1527
334,643,60,exit,262,,1528
335,643,60,exit,262,,1529
336,643,60,exit,262,,1530
337,643,60,exit,262,,1531
338,644,60,exit,263,,1532
339,645,60,exit,264,,1533
340,646,60,exit,265,,1534
341,647,60,exit,266,,1535
342,648,60,exit,267,,1536
343,649,60,exit,268,,1537
344,650,60,exit,269,,1538
345,651,60,exit,270,,1539
346,652,60,exit,271,,1540
347,653,60,exit,272,,1541
348,654,60,exit,273,,1542
349,654,60,exit,273,,1543
350,655,60,exit,274,,1544
351,656,60,exit,275,,1545
352,657,60,exit,276,,1546
353,658,60,exit,277,,1547
354,658,60,exit,277,,1548
355,658,60,exit,277,,1549
356,659,60,exit,278,,1550
357,659,60,exit,278,,1551
358,659,60,exit,278,,1552
359,660,60,exit,279,,1553
360,661,60,exit,280,,1554
361,662,60,exit,281,,1555
362,663,60,exit,282,,1556
363,664,60,exit,283,,1557
364,665,60,exit,284,,1558
365,666,60,exit,285,,1559
366,666,60,exit,285,,1560
367,667,60,exit,286,,1561
368,668,60,exit,287,,1562
369,669,60,exit,288,,1563
370,670,60,exit,289,,1564
371,671,60,exit,290,,1565
372,672,60,exit,291,,1566
373,673,60,exit,292,,1567
374,674,60,exit,293,,1568
375,675,60,exit,294,,1569
376,676,60,exit,295,,1570
377,676,60,exit,295,,1571
378,677,60,exit,296,,1572
379,678,60,exit,297,,1573
380,679,60,exit,298,,1574
381,0,300,entrance,0,,1194
382,1,300,entrance,1,,1195
383,2,300,entrance,2,,1196
384,3,300,entrance,3,,1197
385,4,300,entrance,4,,1198
386,5,300,entrance,5,,1199
387,6,300,entrance,6,,1200
388,7,300,entrance,7,,1201
388,8,300,entrance,7,,1202
389,9,300,entrance,8,,1203
390,10,300,entrance,9,,1204
391,11,300,entrance,10,,1205
392,12,300,entrance,11,,1206
393,13,300,entrance,12,,1207
394,14,300,entrance,13,,1208
395,15,300,entrance,14,,1209
396,16,300,entrance,15,,1210
396,17,300,entrance,15,,1211
397,18,300,entrance,16,,1212
398,19,300,entrance,17,,1213
398,20,300,entrance,17,,1214
398,21,300,entrance,17,,1215
399,22,300,entrance,18,,1216
400,23,300,entrance,19,,1217
400,24,300,entrance,19,,1218
401,25,300,entrance,20,,1219
402,26,300,entrance,21,,1220
402,27,300,entrance,21,,1221
403,28,300,entrance,22,,1222
404,29,300,entrance,23,,1223
405,30,300,entrance,24,,1224
406,31,300,entrance,25,,1225
407,32,300,entrance,26,,1226
408,33,300,entrance,27,,1227
409,34,300,entrance,28,,1228
410,35,300,entrance,29,,1229
411,36,300,entrance,30,,1230
411,37,300,entrance,30,,1231
412,38,300,entrance,31,,1232
413,39,300,entrance,32,,1233
414,40,300,entrance,33,,1234
415,41,300,entrance,34,,1235
415,42,300,entrance,34,,1236
416,43,300,entrance,35,,1237
417,44,300,entrance,36,,1238
418,45,300,entrance,37,,1239
419,46,300,entrance,38,,1240
420,47,300,entrance,39,,1241
421,48,300,entrance,40,,1242
422,49,300,entrance,41,,1243
423,50,300,entrance,42,,1244
424,51,300,entrance,43,,1245
425,52,300,entrance,44,,1246
426,53,300,entrance,45,,1247
427,54,300,entrance,46,,1248
427,55,300,entrance,46,,1249
428,56,300,entrance,47,,1250
429,57,300,entrance,48,,1251
430,58,300,entrance,49,,1252
430,59,300,entrance,49,,1253
430,60,300,entrance,49,,1254
431,61,300,entrance,50,,1255
432,62,300,entrance,51,,1256
433,63,300,entrance,52,,1257
434,64,300,entrance,53,,1258
435,65,300,entrance,54,,1259
436,66,300,entrance,55,,1260
437,67,300,entrance,56,,1261
437,68,300,entrance,56,,1262
437,69,300,entrance,56,,1263
437,70,300,entrance,56,,1264
437,71,300,entrance,56,,1265
438,72,300,entrance,57,,1266
439,73,300,entrance,58,,1267
439,74,300,entrance,58,,1268
440,75,300,entrance,59,,1269
441,76,300,entrance,60,,1270
442,77,300,entrance,61,,1271
443,78,300,entrance,62,,1272
444,79,300,entrance,63,,1273
445,80,300,entrance,64,,1274
446,81,300,entrance,65,,1275
446,82,300,entrance,65,,1276
446,83,300,entrance,65,,1277
447,84,300,entrance,66,,1278
448,85,300,entrance,67,,1279
449,86,300,entrance,68,,1280
450,87,300,entrance,69,,1281
451,88,300,entrance,70,,1282
452,89,300,entrance,71,,1283
453,90,300,entrance,72,,1284
454,91,300,entrance,73,,1285
455,92,300,entrance,74,,1286
456,93,300,entrance,75,,1287
457,94,300,entrance,76,,1288
458,95,300,entrance,77,,1289
459,96,300,entrance,78,,1290
460,97,300,entrance,79,,1291
460,98,300,entrance,79,,1292
461,99,300,entrance,80,,1293
461,100,300,entrance,80,,1294
462,101,300,entrance,81,,1295
463,102,300,entrance,82,,1296
464,103,300,entrance,83,,1297
464,104,300,entrance,83,,1298
465,105,300,entrance,84,,1299
466,106,300,entrance,85,,1300
467,107,300,entrance,86,,1301
468,108,300,entrance,87,,1302
469,109,300,entrance,88,,1303
470,110,300,entrance,89,,1304
471,111,300,entrance,90,,1305
472,112,300,entrance,91,,1306
473,113,300,entrance,92,,1307
474,114,300,entrance,93,,1308
475,115,300,entrance,94,,1309
476,116,300,entrance,95,,1310
477,117,300,entrance,96,,1311
478,118,300,entrance,97,,1312
479,119,300,entrance,98,,1313
479,120,300,entrance,98,,1314
480,121,300,entrance,99,,1315
481,122,300,entrance,100,,1316
482,123,300,entrance,101,,1317
483,124,300,entrance,102,,1318
483,125,300,entrance,102,,1319
484,126,300,entrance,103,,1320
484,127,300,entrance,103,,1321
485,128,300,entrance,104,,1322
485,129,300,entrance,104,,1323
485,130,300,entrance,104,,1324
486,131,300,entrance,105,,1325
486,132,300,entrance,105,,1326
487,133,300,entrance,106,,1327
487,134,300,entrance,106,,1328
488,135,300,entrance,107,,1329
489,136,300,entrance,108,,1330
490,137,300,entrance,109,,1331
491,138,300,entrance,110,,1332
492,139,300,entrance,111,,1333
492,140,300,entrance,111,,1334
493,141,300,entrance,112,,1335
494,142,300,entrance,113,,1336
494,143,300,entrance,113,,1337
495,144,300,entrance,114,,1338
496,145,300,entrance,115,,1339
496,146,300,entrance,115,,1340
497,147,300,entrance,116,,1341
498,148,300,entrance,117,,1342
498,149,300,entrance,117,,1343
499,150,300,entrance,118,,1344
500,151,300,entrance,119,,1345
501,152,300,entrance,120,,1346
501,153,300,entrance,120,,1347
501,154,300,entrance,120,,1348
502,155,300,entrance,121,,1349
503,156,300,entrance,122,,1350
504,157,300,entrance,123,,1351
505,158,300,entrance,124,,1352
505,159,300,entrance,124,,1353
506,160,300,entrance,125,,1354
507,161,300,entrance,126,,1355
508,162,300,entrance,127,,1356
509,163,300,entrance,128,,1357
510,164,300,entrance,129,,1358
511,165,300,entrance,130,,1359
511,166,300,entrance,130,,1360
511,167,300,entrance,130,,1361
512,168,300,entrance,131,,1362
513,169,300,entrance,132,,1363
514,170,300,entrance,133,,1364
515,171,300,entrance,134,,1365
516,172,300,entrance,135,,1366
517,173,300,entrance,136,,1367
518,174,300,entrance,137,,1368
519,175,300,entrance,138,,1369
520,176,300,entrance,139,,1370
521,177,300,entrance,140,,1371
522,178,300,entrance,141,,1372
523,179,300,entrance,142,,1373
524,180,300,entrance,143,,1374
524,181,300,entrance,143,,1375
525,182,300,entrance,144,,1376
526,183,300,entrance,145,,1377
527,184,300,entrance,146,,1378
528,185,300,entrance,147,,1379
529,186,300,entrance,148,,1380
529,187,300,entrance,148,,1381
529,188,300,entrance,148,,1382
530,189,300,entrance,149,,1383
531,190,300,entrance,150,,1384
532,191,300,entrance,151,,1385
533,192,300,entrance,152,,1386
534,193,300,entrance,153,,1387
535,194,300,entrance,154,,1388
536,195,300,entrance,155,,1389
537,196,300,entrance,156,,1390
538,197,300,entrance,157,,1391
539,198,300,entrance,158,,1392
540,199,300,entrance,159,,1393
541,200,300,entrance,160,,1394
542,201,300,entrance,161,,1395
543,202,300,entrance,162,,1396
543,203,300,entrance,162,,1397
544,204,300,entrance,163,,1398
545,205,300,entrance,164,,1399
546,206,300,entrance,165,,1400
547,207,300,entrance,166,,1401
548,208,300,entrance,167,,1402
549,209,300,entrance,168,,1403
549,210,300,entrance,168,,1404
550,211,300,entrance,169,,1405
550,212,300,entrance,169,,1406
551,213,300,entrance,170,,1407
552,214,300,entrance,171,,1408
552,215,300,entrance,171,,1409
553,216,300,entrance,172,,1410
554,217,300,entrance,173,,1411
555,218,300,entrance,174,,1412
555,219,300,entrance,174,,1413
555,220,300,entrance,174,,1414
555,221,300,entrance,174,,1415
556,222,300,entrance,175,,1416
557,223,300,entrance,176,,1417
557,224,300,entrance,176,,1418
557,225,300,entrance,176,,1419
557,226,300,entrance,176,,1420
558,227,300,entrance,177,,1421
559,228,300,entrance,178,,1422
560,229,300,entrance,179,,1423
561,230,300,entrance,180,,1424
561,231,300,entrance,180,,1425
562,232,300,entrance,181,,1426
562,233,300,entrance,181,,1427
563,234,300,entrance,182,,1428
564,235,300,entrance,183,,1429
564,236,300,entrance,183,,1430
564,237,300,entrance,183,,1431
565,238,300,entrance,184,,1432
566,239,300,entrance,185,,1433
566,240,300,entrance,185,,1434
567,241,300,entrance,186,,1435
568,242,300,entrance,187,,1436
569,243,300,entrance,188,,1437
569,244,300,entrance,188,,1438
570,245,300,entrance,189,,1439
571,246,300,entrance,190,,1440
571,247,300,entrance,190,,1441
572,248,300,entrance,191,,1442
573,249,300,entrance,192,,1443
574,250,300,entrance,193,,1444
575,251,300,entrance,194,,1445
576,252,300,entrance,195,,1446
577,253,300,entrance,196,,1447
577,254,300,entrance,196,,1448
578,255,300,entrance,197,,1449
578,256,300,entrance,197,,1450
579,257,300,entrance,198,,1451
579,258,300,entrance,198,,1452
580,259,300,entrance,199,,1453
580,260,300,entrance,199,,1454
580,261,300,entrance,199,,1455
581,262,300,entrance,200,,1456
582,263,300,entrance,201,,1457
583,264,300,entrance,202,,1458
584,265,300,entrance,203,,1459
585,266,300,entrance,204,,1460
586,267,300,entrance,205,,1461
587,268,300,entrance,206,,1462
588,269,300,entrance,207,,1463
589,270,300,entrance,208,,1464
590,271,300,entrance,209,,1465
591,272,300,entrance,210,,1466
592,273,300,entrance,211,,1467
593,274,300,entrance,212,,1468
594,275,300,entrance,213,,1469
595,276,300,entrance,214,,1470
596,277,300,entrance,215,,1471
597,278,300,entrance,216,,1472
598,279,300,entrance,217,,1473
599,280,300,entrance,218,,1474
600,281,300,entrance,219,,1475
601,282,300,entrance,220,,1476
602,283,300,entrance,221,,1477
603,284,300,entrance,222,,1478
604,285,300,entrance,223,,1479
605,286,300,entrance,224,,1480
606,287,300,entrance,225,,1481
606,288,300,entrance,225,,1482
607,289,300,entrance,226,,1483
608,290,300,entrance,227,,1484
609,291,300,entrance,228,,1485
610,292,300,entrance,229,,1486
611,293,300,entrance,230,,1487
612,294,300,entrance,231,,1488
613,295,300,entrance,232,,1489
613,296,300,entrance,232,,1490
614,297,300,entrance,233,,1491
615,298,300,entrance,234,,1492
616,299,300,entrance,235,,1493
617,300,300,entrance,236,,1494
618,301,300,entrance,237,,1495
619,302,300,entrance,238,,1496
620,303,300,entrance,239,,1497
620,304,300,entrance,239,,1498
621,305,300,entrance,240,,1499
621,306,300,entrance,240,,1500
622,307,300,entrance,241,,1501
623,308,300,entrance,242,,1502
623,309,300,entrance,242,,1503
623,310,300,entrance,242,,1504
623,311,300,entrance,242,,1505
623,312,300,entrance,242,,1506
624,313,300,entrance,243,,1507
624,314,300,entrance,243,,1508
625,315,300,entrance,244,,1509
626,316,300,entrance,245,,1510
626,317,300,entrance,245,,1511
627,318,300,entrance,246,,1512
628,319,300,entrance,247,,1513
629,320,300,entrance,248,,1514
630,321,300,entrance,249,,1515
631,322,300,entrance,250,,1516
632,323,300,entrance,251,,1517
633,324,300,entrance,252,,1518
634,325,300,entrance,253,,1519
635,326,300,entrance,254,,1520
636,327,300,entrance,255,,1521
637,328,300,entrance,256,,1522
638,329,300,entrance,257,,1523
639,330,300,entrance,258,,1524
640,331,300,entrance,259,,1525
641,332,300,entrance,260,,1526
642,333,300,entrance,261,,1527
643,334,300,entrance,262,,1528
643,335,300,entrance,262,,1529
643,336,300,entrance,262,,1530
643,337,300,entrance,262,,1531
644,338,300,entrance,263,,1532
645,339,300,entrance,264,,1533
646,340,300,entrance,265,,1534
647,341,300,entrance,266,,1535
648,342,300,entrance,267,,1536
649,343,300,entrance,268,,1537
650,344,300,entrance,269,,1538
651,345,300,entrance,270,,1539
652,346,300,entrance,271,,1540
653,347,300,entrance,272,,1541
654,348,300,entrance,273,,1542
654,349,300,entrance,273,,1543
655,350,300,entrance,274,,1544
656,351,300,entrance,275,,1545
657,352,300,entrance,276,,1546
658,353,300,entrance,277,,1547
658,354,300,entrance,277,,1548
658,355,300,entrance,277,,1549
659,356,300,entrance,278,,1550
659,357,300,entrance,278,,1551
659,358,300,entrance,278,,1552
660,359,300,entrance,279,,1553
661,360,300,entrance,280,,1554
662,361,300,entrance,281,,1555
663,362,300,entrance,282,,1556
664,363,300,entrance,283,,1557
665,364,300,entrance,284,,1558
666,365,300,entrance,285,,1559
666,366,300,entrance,285,,1560
667,367,300,entrance,286,,1561
668,368,300,entrance,287,,1562
669,369,300,entrance,288,,1563
670,370,300,entrance,289,,1564
671,371,300,entrance,290,,1565
672,372,300,entrance,291,,1566
673,373,300,entrance,292,,1567
674,374,300,entrance,293,,1568
675,375,300,entrance,294,,1569
676,376,300,entrance,295,,1570
676,377,300,entrance,295,,1571
677,378,300,entrance,296,,1572
678,379,300,entrance,297,,1573
679,380,300,entrance,298,,1574
163,110,81,1,,1588,
110,266,82,1,,1587,
266,177,99,1,,1586,
177,293,70,1,,1585,
286,338,87,1,,1584,
338,25,76,1,,1583,
25,63,91,1,,1582,
63,25,91,1,,1581,
25,338,76,1,,1580,
338,286,87,1,,1579,
293,177,70,1,,1578,
177,266,99,1,,1577,
266,110,82,1,,1576,
110,163,81,1,,1575,
265,4,65,3,,1596,
4,182,53,3,,1595,
182,273,63,3,,1594,
272,123,76,3,,1593,
123,272,76,3,,1592,
273,182,63,3,,1591,
182,4,53,3,,1590,
4,265,65,3,,1589,
32,33,234,5,,1604,
33,109,92,5,,1603,
109,144,79,5,,1602,
144,281,89,5,,1601,
281,144,89,5,,1600,
144,109,79,5,,1599,
109,33,92,5,,1598,
33,32,234,5,,1597,
162,118,77,7,,1618,
118,12,114,7,,1617,
12,279,77,7,,1616,
195,172,92,7,,1615,
172,373,65,7,,1614,
373,375,74,7,,1613,
375,374,73,7,,1612,
374,375,73,7,,1611,
375,373,74,7,,1610,
373,172,65,7,,1609,
172,195,92,7,,1608,
279,12,77,7,,1607,
12,118,114,7,,1606,
118,162,77,7,,1605,
290,252,74,7,,1622,
252,194,66,7,,1621,
194,252,66,7,,1620,
252,290,74,7,,1619,
274,178,77,8,,1638,
178,57,65,8,,1637,
57,106,86,8,,1636,
106,197,116,8,,1635,
197,196,91,8,,1634,
196,91,66,8,,1633,
91,93,62,8,,1632,
93,92,98,8,,1631,
92,93,98,8,,1630,
93,91,62,8,,1629,
91,196,66,8,,1628,
196,197,91,8,,1627,
197,106,116,8,,1626,
106,57,86,8,,1625,
57,178,65,8,,1624,
178,274,77,8,,1623,
29,204,60,9,,1648,
204,282,105,9,,1647,
280,319,89,9,,1646,
319,95,93,9,,1645,
95,190,67,9,,1644,
190,95,67,9,,1643,
95,319,93,9,,1642,
319,280,89,9,,1641,
282,204,105,9,,1640,
204,29,60,9,,1639,
29,267,67,9,,1686,
40,42,83,10,,1685,
288,192,79,11,,1652,
192,288,79,11,,1651,
285,86,82,12,,1656,
86,193,62,12,,1655,
193,86,62,12,,1654,
86,285,82,12,,1653,
10,9,69,13,,1670,
9,121,83,13,,1669,
121,189,125,13,,1668,
189,276,96,13,,1667,
284,198,75,13,,1666,
198,199,70,13,,1665,
199,72,62,13,,1664,
72,199,62,13,,1663,
199,198,70,13,,1662,
198,284,75,13,,1661,
276,189,96,13,,1660,
189,121,125,13,,1659,
121,9,83,13,,1658,
9,10,69,13,,1657,
328,18,70,13,,1682,
18,327,72,13,,1681,
327,52,129,13,,1680,
52,191,98,13,,1679,
191,135,59,13,,1678,
135,283,80,13,,1677,
283,135,80,13,,1676,
135,191,59,13,,1675,
191,52,98,13,,1674,
52,327,129,13,,1673,
327,18,72,13,,1672,
18,328,70,13,,1671,
28,234,74,14,,1684,
234,28,74,14,,1683,
42,40,83,10,,1650,
267,29,67,10,,1649,
181,154,59,7bis,,1689,
38,257,59,7bis,,,
154,181,59,7bis,,1687,
159,127,79,10,,1691,
127,159,79,10,,1690,
70,146,50,11,,1695,
146,301,58,11,,1694,
301,146,58,11,,1693,
146,70,50,11,,1692,
335,187,58,12,,1701,
187,83,57,12,,1700,
83,11,60,12,,1699,
11,83,60,12,,1698,
83,187,57,12,,1697,
187,335,58,12,,1696,
337,188,58,14,,1709,
188,296,83,14,,1708,
296,71,123,14,,1707,
71,132,243,14,,1706,
132,71,243,14,,1705,
71,296,123,14,,1704,
296,188,83,14,,1703,
188,337,58,14,,1702,